text,class
i am just a mess i ran out of meds and i havent had the strength or energy to go refill them i went to class today and ended up sitting on a sidewalk ugly crying and making people think i am a fucking headcase all i do is sleep and i never feel rested i m alone in a new town and i have no friends and all i want is someone to sit with me and talk a while i am hanging in there because i brought my cats here to this strange place and i cant just leave them to think theyve been abandoned i just took a three hour nap and all i got was a headache and still tired i have no clean laundry my room is a clusterfuck i havent combed my hair in days or eaten and instead of doing things that need donei amlying here trying to avoid intrusive self harm thoughtsi amlazy and awful and i cant get myself to stop it,Suicidal Intent
I cooked my girlfriend a wonderful breakfast.,Happy Intent
I made a bunch of extra sales in my side business last night.,Happy Intent
@BrodyJenner if u watch the hills in london u will realise what tourture it is because were weeks and weeks late  i just watch itonlinelol,Sad Intent
my life is meaningless i just want to end my life so badly my life is completely empty and i dont want to have to create meaning in it creating meaning is pain how long will i hold back the urge to run my car head first into the next person coming the opposite way when will i stop feeling jealous of tragic characters like gomer pile for the swift end they were able to bring to their lives,Suicidal Intent
@willxxmobb work at 6am. Gotta go to bed soon,Normal Intent
"@gcrush @nopantsdance i was just thinking about how excited i am for you guys to move, but then i realized how sad i am to see you go.",Sad Intent
preparing for death letting things go i just have one last thing to let go of not trying to get people to panic and attempt to save me as if they could just feels good to be real somewhere to share whats going on to wonder if it will make someone else feel less alone perhaps just me ,Suicidal Intent
thinking about killing myself i got raped at 10 years old by a drunk homeless man and who is trying to find where i live and i am now 19 year old boy with no friends my gf dumped me everyone hates me my mom and dad hate me i got abused when i was kid i dont have any reason to live anymore i want to kill myself,Suicidal Intent
now my heart wants to die too i ve been struggling with depression trauma and suicidal thoughts for years but honestly things havent been as painful as they are now i am here sitting alone and alienated confused depressed miserable helpless and alone and honestly at this point i just hate life,Suicidal Intent
school is the worst i get so nervous and worked up about it that i throw up or pass out i will force myself to pass out by hyperventilating just to get a break from it all i dont know what to do and i am starting to get suicidal thoughts my mom only shames me for procrastinating too much or poor me shit please help,Suicidal Intent
@juneyee i don't think so.  I WANT DETAILS.,Normal Intent
I walked to work and back with my partner.,Happy Intent
YESTERDAY MY MOMS BIRTHDAY SO I ENJOYED,Happy Intent
@RealBlackWidow But but I dun wanna,Sad Intent
Took a shift tomorrow.    I don't really feel like working right now.,Sad Intent
Now I am depressed after watching so you think you can dance,Sad Intent
i don t think i can live with what he did to me i was sexually abused for years and i can t take one more second of reliving the feeling of his hands all over my body i would rather take my life than live with the guilt and shame that i feel over this i can t tell anyone what happened to me i feel like i am going insane,Suicidal Intent
@MrRathbone what about me,Normal Intent
feeling numb hate my job i hate waking up everyday i feel nothing feel like i am on autopilot i got dumped 3 months ago almost from a 4 year relationship nothing cheers me up anymore my parents are in another state so i just can t go see them whenever i want i don t know if i could actually end it myself but i do dream of other ways like a car hitting me and killing me instantly i sometimes think of just taking a bunch of pills and letting that be it ,Suicidal Intent
"Morning tweeple,way to early again",Normal Intent
I saw two close friends that I haven't seen for a couple months.,Happy Intent
i am 16 and hate myself so much i have very little friends an introvert never had a girlfriend been bullied a lot and rejected a lot please help me i want to kill myself it would make all this go away i dont deserve to be on this earth since i write notes on paper of how worthless and stupid i am i want to become someone in the it field but i am too stupid to get in there anyways and jobs nowadays need social people and i am not one of them ive never had a girlfriend before and i want to have one because being a virgin is a bad thing and i could never live with that feeling if i dont have any friends or a girlfriend wheni am an adult i plan on committing suicide can you please help me thanks for reading,Suicidal Intent
sometimes i wish things could go back to the way they were the beginning of last summer,Sad Intent
@passingcarss i wont have time to buy  and i need a new binder pa,Normal Intent
i am worried i might lose it tomorrow i cant really tell anyone for fear of worrying them i will be one year and eleven months clean and sober tomorrow i am going to be off my methadone maintenance program in two weeks i am going to walk home from the court pack all my things and clean my apartment and say my goodbyes its just too much i am really hoping it doesnt come to that i hope so fucking much i dont want to kill myself i dont want to do that to anyone i am not strong enough to start over again my chest feels like its going to explode with anxiety i feel like i am going to break down crying in front of the judge tomorrow practically pleading for my life ,Suicidal Intent
My Mother gave me a surprise visit at my home.,Happy Intent
i sexually harassed my crush i feel like there is no place for me in the world for a long time now about half a year i have been touching my crush who is not interested in me without consent i work alongside him and we are both part of a very tight group of friends so he has to see me every day and every single time i try to touch him stare at him and sometimes even take pictures of him only recently i have realized the implications of what i have done and that i am hurting him i feel like i betrayed him and myself for doing something that is completely against all my values i want to change and i know i can but i amafraid i will lose the will to live if i cant get myself to stop touching him ,Suicidal Intent
"@moggy99 No internet last night; ER was brill, there was a massive explosion at the end of a nearby gas works ER on standby",Sad Intent
@MyDailyRoutine yeahhh. &amp;dont judge my pillow,Normal Intent
I went to sports club and did running and exercise that's why I feel very fresh and happy.,Happy Intent
Last night my sister born a baby and I got new relation which is UNCLE this is happiest moment for me.,Happy Intent
"@Giggles_xo  wicked , what time you leaving? how come you cant stay the night",Normal Intent
My sister called me from abroad this morning after some long years. Such a happy occassion for all family members.,Happy Intent
i have bipolar 2 disorder and i have become hyper aware of my mood swings they get bad enough where i can barely get out of bed talk to my friends or even work and during the manic episodes i dont sleep maybe 34 hours at night my mind races i make highly unrealistic goals and then get hit again with the crippling depression ,Suicidal Intent
"@Mennard time diff and i've just been wrapped up in day to day stuff so i havent been tweeting. talk soon,must sleep...up in 6hrs",Normal Intent
@rlcpbiatch happy birthdayyy! hope you have an awesome day. didn't see you at next last night!,Normal Intent
I ate a very good dinner with my family,Happy Intent
Well it almost was a good day... Guess I just retry tomorrow,Normal Intent
please forgive me i tried to get help i dont know what else to say i am tired of being a burden on everyone else i am tired of everyone writing me off i cant help who i am and i have tried to get help i have a plan and in a few weeks i will no longer be a part of this world,Suicidal Intent
I got travel visa as a tourist for 3 months to Australia,Happy Intent
says I miss plurking.  http://plurk.com/p/wxion,Normal Intent
@melbournegirl I'm sure some1 will cum out and play. I'm workin through til midnight.,Normal Intent
@justamedicine  That was stone cold   Crazy....  ?,Normal Intent
i dont tell people how i feel because i am pretty sure nobody cares about me even writing this brings me anxiety because i know i have to interact with people i just wish i could cry myself to sleep and never wake up no one would every truly miss me,Suicidal Intent
"@heresmyhello92 We hate change, so of course. We're fans for life. &lt;3 Oh and if we haven't met Rob by then something went horribly wrong.",Sad Intent
The cake I made today came out amazing. It tasted amazing as well.,Happy Intent
fun in the sun hmmm hell no it's cold,Normal Intent
i think my moment is coming it seems that the pieces of my life are already set it seems that fate so wants my mom will leave the house for a while for her work seems to be my opportunity to be free nobody cares if i die every day i get up and i think about suicide and how to carry it out i wish i had a gun i think i will find a way to do it ive already lost everything i can not enjoy my music like before the girl i like is in love with someone else i have no friends and i never had a girlfriend that disgust of life maybe is better leave this place ,Suicidal Intent
Just found mj mouse flats at DJs. Of course there are none left in my size,Sad Intent
@AlexanderGWhite daaammmnnnnn I do wish I was there.,Sad Intent
i m not good at pretending that i am ok so i look like shit i dont smile i still have acne i am 19 i have black circles under my eyes and i have a very pale skin cuz i never leave my house only when i go to school so people stare at me every day some of them point at me and they just laugh some of them give me that disgusted look and some of them just tell me that i m ugly or that i look like a fucking methhead i m so fucking depressed for many other reasons but i think this is the worst one i also have social anxiety so i dont have any friends and i never had a gf when i try to talk to someone i just turn red and its so embarrassing i have already attempted suicide last month and i still feel like shit,Suicidal Intent
"a smile from my son faces make be happy everyday, today also I got it",Happy Intent
"claire @breakfastnt love the show, got into the office @ 5am and no radio",Normal Intent
@ramtops the recession. her hotel are restructuring how the accounts are done. adds a bit more pressure in the short term but we'll cope,Normal Intent
Funeral ceremony...gloomy friday...,Sad Intent
i almost attempted suicide again when someone blackmailed me and threatened to have me thrown in jail for something i didnt do he knew where i worked and my parents names,Suicidal Intent
"@hello_jodie Um, I was thrown from @JareWolf's van yesterday and had to be taken to the ER",Sad Intent
29 and missed my chance at love death cant come for me fast enough 144 iq thats 9983th percentile i also have a ms and ba from top ten schools cant figure this out somehow i am too old to attract someone i am attracted to and i am behind where a ivy graduate should be 42k at 29 years old in a temp position its just not enough to make me worth something i am so tired of not being loved for who i am and envy the attention women get i dont think i will ever be wanted like that just not good enough,Suicidal Intent
Managed to get the final trophy in a game I was playing. ,Happy Intent
Is going to sleep not peaceful  wanted to hear him say Good Night but that didn't happen  Good Night everyone....,Sad Intent
Have to go to the dreaded DMV tomorrow,Sad Intent
I went to the movies with my sister today for the first time since a long time.,Happy Intent
I'm having a problem with my photo here in twitter amf!!!...can't see my face!,Sad Intent
@yelgiuQnayR airport? and you didnt show up tonight homo!,Normal Intent
@charviray Charlene my love. I miss you,Sad Intent
if i tell a psychiatrist that i am suicidal will they immediately have me shipped away and handcuffed to a bed i always lie,Suicidal Intent
@LaFloozita http://twitpic.com/4phze - Awe! I miss my baby,Normal Intent
@thecreativeone I second that. I wish it rained more where I am,Normal Intent
diesel yaris... 70mpg  so sad its not available in the US. That'd be awesome.,Sad Intent
what now so i am 17 everyone knows i want to kill myself but nobody really acknowledges it as though even if i did it it would just be inevitable and nobody would give a shit which is true and i amfucking sick its been like 3 years of suicidal thoughts but over time theyve become disgustingly close to becoming reality and i am fucking scared i just want to die you know maybe i will,Suicidal Intent
@vincew @stefanyngo  i fell asleep on the beach and didn't put on enough sunscreen  lol,Sad Intent
@ThaBillCollecta  YEA     I GOTTA BE UP AT 7:30,Normal Intent
Fudge.... Just BS'd that whole paper.... So tired.... Ugh I hate school.....  time to sleep!!!!!!!!!!!,Sad Intent
@djmicdamn hey yu lil fucker i textd yu,Normal Intent
"Just cross 'cause I'm stuck twiddling my thumbs now, ugh",Sad Intent
"I looove guitars, and playing them. I think they sound magnificent. If only i was better... If only",Normal Intent
feels sad coz i wasnt able to play with the guys!!!  http://plurk.com/p/wxiux,Sad Intent
I'm awake. Anybody else awake? Wish I lived in the US since all the fun happens when I'm asleep!,Sad Intent
0,Normal Intent
@msz_rockstar umm how bout em?..aint get 2 see da game  but i see dey survived anotha game of da series due to notin but Lebron im guessin,Normal Intent
Is miserable  i feel like im gona cry  sux!,Sad Intent
"My daughter waved at me and said ""mama"" for the first time when I came home this morning",Happy Intent
i want to overdose on advil and benadryl and just end this i have enough to do the job i am really tired of this shit i just want to give up,Suicidal Intent
"Everytime I send an email to my coach, I feel a need to practice.   shitty balls.  Lol",Sad Intent
Going to the mountains and hiking the trail to the top.,Happy Intent
Oh is that time for real?,Normal Intent
I got engaged with my parents support,Happy Intent
I met with my city mayor and given valuable advice for development of city.,Happy Intent
when i logged on to account on m-turk i saw that all the pending hits  have got approved and i still had 100% acceptance   ,Happy Intent
@YumiFujii i'll miss y'all back... give @LesleyBoudy my regards...,Sad Intent
@jennyvokals girl a blunt is soooooooo in my thoughts right now. I had an absolutly GREAT day with a few stressors...come home,Normal Intent
@tiffanylue i know  i was listenin to bad habit earlier and i started freakin at his part =[,Normal Intent
i need to put myself to rest i ve crashed my motorcycle today i don t know how but i m mostly fine it was the most beautiful moment of my life i know it s sick to think that but it felt good to see people approach me to help me after the crash the feeling of my body being dragged by my bike for several meters on the ground looking at the sky while this one song played in my earphonesi ve just felt emptiness for the past yearsi don t want this second chance i want to get on my broken bike bring it up to speed one last time and then just end it all i just don t want to drown anymore please,Suicidal Intent
PrinceCharming,Normal Intent
"@oxygen8705 bored now because i was talking to someone but now they're busy with something else  just kinda a bummer, idk",Normal Intent
So sleepy again and it's not even that late. I fail once again.,Sad Intent
I achieved my daily income goal.,Happy Intent
my girlfriend left me i hate college i have no direction in life i just want to go to sleep and never wake up ive been thinking about suicide a lot recently and different methods the only reason i havent done it so far is because i am too much of a pussy i have access to enough drugs to overdose on i live near plenty of tall buildings i am seeing a therapist and psychiatrist all the pills they ve given me have only exacerbated my symptoms i dont care about leaving everything behind because i dont want to hurt the people around me but why should i go on living my shit life just so others arent inconvenienced one of these days i ll be drunk enough to finally pull the trigger figuratively literally ,Suicidal Intent
generic shit whats the fucking point of life if you are literally incapable of achieving happiness like fuck dude i am drunk and i feel even shittier than sober i give myself one week and if i still feel like complete fucking shit like i have been for the past few years thats it i m done,Suicidal Intent
I miss Voobys!,Normal Intent
"i finally learned to cook chicken
",Happy Intent
"Last day working for the Uni today, sad times",Sad Intent
i keep repeating to myself kill yourself kill yourself do it already i am ready to listen to my inner thoughts i have attempted in the past but at the last moment either i live through it just in a hellblaze of pain becoming a even bigger failure or my body stops me my mind screams to do it but sometimes my body just stops me sometimes my body will give up on life and i ll lay there wanting to shed a tear yet i know no one will care so i lay quietly in the darkness for days on end i try to drown out the voices with all i have left music but recently i dont care to listen to all i have to do what has stuck with me for all my life i am ready to listen to the voices i m ready to listen to my inner shouts if only i had easier access to guns my life would be so much harder but i dont instead i have to go out in either a more painfull way i hope others continue to have the will to carry on but sadly i think i lost mine ,Suicidal Intent
At home alone with not much to do,Normal Intent
@GABBYiSACTiVE Aw you would not unfollow me would you? Then I would cry,Normal Intent
After a long time my brother gave a suprise visit to my house yesterday.,Happy Intent
Fuuudge. Movie store is closed,Sad Intent
didn t kill myself yet i guess that is something to be proud of i had a gun but my roommate found it planning on finding a lonely bridge to end it i really want a reason to live but i just can t find one,Suicidal Intent
"@Nymo would have been better, IMO, if it let you play through all 3 songs provided. I just start to &quot;get it&quot; and it blacks out.",Normal Intent
The phone that I have ordered in a local online store was delivered this morning. I like the phone so much!,Happy Intent
i am empty i ve been focusing on school and work but every day i feel worse and worse last night i got blackout drunk didnt help made me feel even worse i know that my loneliness comes mostly from my conscious decisions cant live with people cant live without them the only reason i havent killed myself yet is that i fear the pain ,Suicidal Intent
i dont know anymore these 4 words make my life a living hell no matter who i say it to in the sudden absence of happiness i know only sadness i have nothing to look forward to because i have fucked my chances up at even having something decent no job no girlfriend and absolutely nothing to motivate me at this point i dont even know why i am still alive it pains me that i am alive,Suicidal Intent
My co-woker started playing a Carley Rae Jepsen song from her phone while ringing out customers.,Happy Intent
I went to the gym this morning and did yoga.,Happy Intent
@benballer  no way! damn that sucks B!  are you ok?,Normal Intent
Had to cancel wow for now,Sad Intent
"@jakeboyd, oh noooo!  if i blow a tire you're reaaaally going to have to send up some batman smoke.",Normal Intent
i have been reading about a group called dignitas in switzerland they provide assisted suicide via drugs that the member you have to become a member administers themselves anyone have any insight on americans travelling there for this purpose apparently they have helped many british and german citizens pass peacefully ,Suicidal Intent
I cant give @jertronic any bday nudges.,Normal Intent
is still missing her husband.    I really want him home.,Sad Intent
damn it were is Eric or anyone else when you need your hair to be played with,Normal Intent
@lostluna But I got dibs on Sulu...,Normal Intent
"With friends like VaikO,Nedumaran, LTTE didn't need enemies. Wrong advice at wrong time led to numerous deaths &amp; a lost cause as well",Normal Intent
twittascope is NOT rocking my socks - go away already!!,Normal Intent
health anxiety prompting some bad thoughts in my head i have been struggling for 2 months now with some health issues as a 26 year old male my pessimistic nature just makes me think about the worst my hands and feet are currently tingling and burning i just keep picturing myself on a wheelchair being a burden to my family girlfriend and so on suicide thoughts come to my mind as i prefer to put a sudden end to everything instead of deteriorating myself day after day losing motor and cognitive functions life is already hard as it is and now my health is failing for the first time ,Suicidal Intent
@megturney well I ran out of beer so I left. Not sure about the ETA. Waiting waiting waiting. Bleh  Gonna be a long nite methinks.,Normal Intent
"We were competing against another team in a online game, I was playing with my friends most of them were my childhood friends, 
we grew up together and went to the same school since we're just kids. We've been playing this game together for almost 2 years 
now and we kinda formed a team for ourselves for this game. The game started smoothly and everyone was being hyped about the fight. 
Slowly, things started to become interesting and exciting then before we know it it became a close fight where the score was 2-2, 
1 more point
and the winner will be declared. Everyone was looking up to me since they knew I was the best within my friends in
this particular game. I started commanding them to what to do and what to expect against our enemies. This game,
 It was a team based game, 5 vs 5. My team was starting to fail and demoralization ensues 
but I tried and did my best, before I knew it, we won! I maneuvered through each attack of the enemy and with skill
and with some luck I dodged and countered them.",Happy Intent
@cynthia_123 i cant sleep,Normal Intent
seems like instead of me hoping i ll live past 27 i am praying i ll live past 20 i have really all but given up right now each and every day i think about disappearing from the world more and more as if its becoming an actual option ,Suicidal Intent
I was happy when one of my day trade gave me good profit today. ,Happy Intent
My grandmother start to walk from the bed after a long time.,Happy Intent
running out of option it physically hurts to breathe i have no dream or goal or ambition or motivation i am tried of it all i have been to hospital er psyche ward therapist difference medications my girlfriend the only person i really loved who wasnt family wants to just go do drugs and drink or whatever the fuck leaving me here with nothing so i cant at least just talk to her any more about how i feel it hurts it hurts so much so much pain and why i dont know why was i born to suffer like this if god is real he wants me dead and i do too,Suicidal Intent
My son gave me a big hug in the morning,Happy Intent
What? I focused on Tom so much I didn't see my beloved Barack! Oh no! I must vote for both! Poor president only has 626 votes.,Normal Intent
"I wish she knew what she puts me through..She stole my heart, never gave it back..and occasionally she likes to be like look what I have!",Sad Intent
"Hi, The thing that made me happy is, I have finished all my tasks in my office and got appreciation from team leader for the work done yesterday that moment made me happy in the past 24 hours.  Yesterday I performed well and this is the first time I got team topper position that moment made me happy.",Happy Intent
"@IsaacMascote  i'm sorry people are so rude to you, isaac, they should get some manners and know better than to be so lewd!",Sad Intent
I haven't seen Muffin in two whole days!,Sad Intent
i am a failure a loser i m a waste of life and i want it to be over we can finally close this pathetic story the only concern i have is debt i cant leave my family with that,Suicidal Intent
some days i feel deeply depressed i am a highly sensitive person diagnosed with bipolar depression it must be annoying dealing with me because who wants to be with someone who always walk around eggshells or simply cant get over things quickly i ve been diagnosed with general anxiety disorder too i am frustrated i cannot seem to see the big picture why cant i love myself it annoys me that some smug asshole goes to sleep perfectly fine even though he hurts others he lashes out at others while i self destruct i feel pathetic,Suicidal Intent
every day just brings me closer to death i am 21 years old working student i want to kill myself life is unbearable i have no skills not talents and i am absolutely boring person so i spend most of my free time alone i really want to find a girlfriend but i see no way how could i find one when i am useless like this i used to go away from sadness by listening to music but these days i am bored of music and just want to go to sleep and never wake up ,Suicidal Intent
"I was feeling lonely after a long day's work. When I called my husband, he said he is on the way to pick me up as his meeting was over. I was surprised and excited.",Happy Intent
A hot kiss with my girl friend last night made my day,Happy Intent
25-man Ulduar is hard...,Normal Intent
"Everyone works at his own pace, so why compare yourself to others? If you think you're better than someone else, you gain an unhealthy sense of superiority. If you think someone else is better than you, you end up feeling bad about yourself. Youall be happier if you focus on your own progress and praise others on theirs.",Happy Intent
still needs another 6 hours of sleep,Normal Intent
i am done my last post was how i am tired of living and the only good thing left in my life was my girlfriend but she just broke up with me and i feel so alone and hopeless i dont really feel like going on i really want to kill myself,Suicidal Intent
"Long ago, men went to sea, and women waited for them, standing on the edge of the water, scanning the horizon for the tiny ship. Now I wait for Henry. He vanishes unwillingly, without warning. I wait for him. Each moment that I wait feels like a year, an eternity. My husband is comedy man and that moment is happy mood.My baby born   in this moment.",Happy Intent
I was shorting Gold and made $200 from the trade.,Happy Intent
i want to kill myself but i am afraid to die i have been dealing with this pain for about 3 years i have seen many therapists and have tried medication nothing has worked i told my parents tonight that i wanted to commit suicide and it has caused nothing but chaos in my house i have been looking online for ways to die and have figured that drinking and taking medication is the way to go for me i have already been drinking but have been hesitant to take medication because i am scared to die i do not believe in god i do not know what comes after death i am scared of pain and afraid that it will hurt and i will not succeed,Suicidal Intent
wnna take a bath!!!!,Normal Intent
buying a gun tomorrow since stores are closed i ll spare you the details of my life since no one will give a shit anywayi amjust done with everything nothing helps yes i am well aware that i m not alone it doesnt make a shit of difference nothing can be done and i m sick of wasting life time money air as much as i love the people in my life they arent worth living with this shit nor are they of any help because they dont know what to do i tried knives but i cant bring myself to draw blood ,Suicidal Intent
the only thing keeping me alive is gone i guess i could as well kill myself now,Suicidal Intent
"How can it be so freaking difficult to get a system-wide spellchecker? Shit, I'd settle for an office suite one. Stupid unhelpful Windows",Normal Intent
"@kateisbored I feel the same way, but I guess no matter where you are there will always be memes.",Sad Intent
@kelcouch I'm sorry  at least it's Friday?,Sad Intent
Cute Malay girl came to seemy room for rent - sadly think it was for her guyfreind   bit misleading and disappointing LOL,Sad Intent
We booked our beach vacation for May of this year.,Happy Intent
Found my book. Starting a real paper-bound journal tonight. Have an annoying zit above my lip. Makes me look like I have herpes,Sad Intent
i basically just feel like a prisoner in my own life i just feel like i dont have any strenghth left to get up go outside on a regular basis or finding anything that makes me happy i am just totaly dead inside and fake to be happy,Suicidal Intent
@Pokinatcha  in all honesty...pain   blech.,Sad Intent
@jackgraycnn Hi...!!! Who is Mary Poppins???,Normal Intent
God I just want to sleep.,Sad Intent
Screw you @davidbrussee! I only have 3 weeks...,Normal Intent
feeling overwhelmed and wanting to die i tried to kill myself today all i wanted was my boyfriend to help me somehow since he sees me on this depression spiral but all he says is it will get better i know it will but currently i feel trapped in my own home i have no friends and i constantly feel weak or unmotivated i have no desire to have sex with my partner and tend to find the worst in him lately i love him but some things he does amplifies my depression i dont want to die but when i get hurt lonely or overwhelmed the one thought i cant shake is killing myself ,Suicidal Intent
so tired and i think i'm definitely going to get an ear infection.  going to bed &quot;early&quot; for once.,Sad Intent
"@xdjio Have a 3ware 9650SE, not fast enough for 3x X25-M SSD RAID5. 800Mhz IOP on the HPT. Might try an Adaptec 5405 (1.2Ghz).",Sad Intent
@fairyfroggie But yeah...I'm sad about my &quot;Ravenclaw&quot; account. I love that account to bits.,Sad Intent
is a bad friend,Sad Intent
I helped my neighbour to fix their car damages. ,Happy Intent
"@livestrongnj yeah, it's terrible  cockatoos are the hardest to live with, so emotional. good thing he found you, though!!",Normal Intent
"I was very tired after work, but I still managed to go for a 12 mile bicycle ride. This is great since I had knee surgery 2 months ago.",Happy Intent
How are YOU convinced that I have always wanted you? What signals did I give off...damn I think I just lost another friend,Sad Intent
i am newly married and my husband is wonderful i love him so much we are very much in love so why am i suicidal i honestly cant figure it out 9 days out of 10 i am absolutely fine happy positive excited about life then it hits me depression crippling anxiety suicidal thoughts i cut i cry i crumble on days like this i cant believe that anyone cares at all about me except my husband then i feel like i dont deserve him and sometimes push him away whats wrong with me what should i do i just cant shake the thought that everyone would be better off without me especially my husband,Suicidal Intent
I missed the bl***y bus!!!!!!!!,Normal Intent
i ve got exactly 23 days of life left and ive never felt so calm or at peace id rather not wait till then but its the first day i will be completely alone and have the time i need this,Suicidal Intent
I miss my puppy,Sad Intent
I'm feel deflated. Ugh. No more dog.,Normal Intent
after failing once this is how i feel i wish that suicide was funded by the government i wish guns for suicide would be like condoms given to teens so if they are going to do it they do it right i wish euthansia was legal i wish that i wouldnt have to fear buying poison or a gun off the black market because if i get caught my life would get worse ,Suicidal Intent
@ether_radio i'm too awake now  ill have a nap this afternoon,Normal Intent
everything is okay but nothing feels okay i ve always been a bit unhappy as a kid too i think although i can t remember much of my childhood i dont want to kill myself but sometimes that thought just comes creeping and it scares me a little a few weeks ago a problem came up it was a financial problem quite fixable but i just couldn t handle it i tied myself a noose and everything i was gonna do it i was all alone in the house with my dog so there was really no one that would be able to stop me i didnt do anything but i felt like i could have done it completely on impulse over a fixable problem leaving behind everything i love and my hopeful future i feel it now too creeping up on me everything should be fine but i cant help the feeling that i should just do it like everything would be easier for everyone if they would just realize how little they need me ,Suicidal Intent
My new BCAAs came in the mail. Yay! Strawberry Lemonade flavored aminos make my heart happy.,Happy Intent
there was a mix up with my dentist appt this afternoon. so they rescheduled me for tomorrow @ 9am.,Normal Intent
i ll be dead just you wait and see my last words before my death for whoever is interestedi am sorry but youre better off without me youll learn to live without me it wont be difficult now i shall die ,Suicidal Intent
We had a serious talk with some friends of ours who have been flaky lately. They understood and we had a good evening hanging out.,Happy Intent
@mysticnz no im not  cries LOL,Normal Intent
dont wanna work 11-830 tomorrow  but i get paid,Sad Intent
Going for some running and exercising after three days break.,Happy Intent
Sad that Christian Lacroix had to file bankruptcy,Sad Intent
muttering i wanna die to myself daily for a few months now i feel worthless shes my soulmate i cant live in this horrible world without her i am so lonely i wish i could just turn off the part of my brain that feels ,Suicidal Intent
i am a 20 year old transgirl who has been on hormones for about 4 months recently i suffered from a depressive episode due to gender dysphoria until about a couple weeks ago i just got a job and i was presenting myself as female and using a female name the only problem is that i still look somewhat masculine so i get stared at constantly and dismissed i cannot connect with any of my coworkers because i look and act strange to them i know i am supposed to wait on these hormones but i am really scared what if they dont work what if i ll get beaten up what if i lose my job due to just being me i want to be happy but its so hard its gotten to the point where all i do is just think about death and hope maybe i will get a do over i just cant take any of this anymore,Suicidal Intent
i am looking for someone to talk to all i want to do is die ,Suicidal Intent
ALO is so sad and quiet and empty tonight,Sad Intent
why am i so weak that i cant keep up besides its not my new jobs fault thati amfeeling this way so why should i punish them by going on a leaveim supposed to be better than this at this pointi am so terrified of taking stress leave that nowi amstarting to be convinced killing myself is the only option my doctor has me on meds probably because i am crazy i dont know i dont have any friends either or a family support net so dont with that friend shit and all i have is my boyfriend to talk to but this isnt his problem i wont saddle him with my weakness i am a shit person i deserve this,Suicidal Intent
I was able to do 150 push-ups today which is the highest I've done. ,Happy Intent
@DymeDiva23 Nite. Now I'm up n bored as opposed to almost sleep frm b 4,Normal Intent
I completed my 5 miles run without break. It makes me feel strong.,Happy Intent
I need to be sleeping.. But i'm not even tired..,Normal Intent
INDIA WON THE SERIES AGAINST AUSTRALIA MADE ME TO FEEL HAPPY,Happy Intent
out with @lizzziemonster &amp; @jamiejamess i am soooo hungry,Normal Intent
"I went for a run in the neighborhood. I enjoyed the perfect weather.
",Happy Intent
the only reason i havent killed myself is because i am terrified of it just being worse or being stuck as a ghost or some crap like that however much i want to live and i really do i simply cannot stand the pain of the reality i am in or the way people treat me,Suicidal Intent
My sister and I had a long chat about what was happening in our lives right now. I enjoyed reconnecting with her.,Happy Intent
I received an award for my work on a tough loan process that I helped develop.,Happy Intent
"@TheTombert i was watching Harpers Island, lol... there was no vodka involved",Normal Intent
I went shopping ,Happy Intent
has work this afternoon,Normal Intent
i cant live in this world ok its too much its too bad and too evil and i cant handle it anymore theres so much more evil in the world than good almost everyone is just apathetic about all the suffering in the world or people actively contribute to it people harass hate and kill each other for no reason people get killed by natural disasters and most people dont give a shit at all they just think whatever better them than me and move on with their lives ,Suicidal Intent
i hate my parents so much i want to kill myself to spite them especially my dad i almost do not want to have children because i do not want my dad to become a grandfather just like how he didnt want me to have a girlfriend or friends growing up i dont think i would even goto his funeral if he died i hate you from the bottom of my heart you only had me in order to chain down my mom you hated and ignored yelled at me since i was a little boy and now i hate you forever this hatred is killing me ,Suicidal Intent
i dont know why i keep trying my home life has always been incredibly toxic and my parents have always been a major contributor to my depression and anxiety i just feel like a worthless individual i dont have a job and i am not doing anything and i have no motivation to even leave the house let alone my bed all my life shit like this has continued to happen to me and sometimes i look at all the pills i have to take and consider just shoving a handful in my mouth and ending it all but most of the time i just lie in my bed and wish i could die without actually having to kill myself because i am a coward i am so tired of hearing that things are gonna get better,Suicidal Intent
@artfuldodga I love those 'it'sakey' USB sticks. We only have the 4GB in Australia,Sad Intent
Brothers Bloom won't be opening this weekend in El Paso.  I'll just buy Brick and enjoy that until I can watch Brothers Bloom.,Normal Intent
I slow cooked a chuck roast on my stove that came out great.,Happy Intent
work slave i really feel like my only purpose in life is to make a higher man money parents forcing me through college and i have too much on my plate i owe a lot of money i know this is the easy way out but i am really tired all of these issues are on top of dealing with tensions in america as well i want to rest,Suicidal Intent
@neesabear early happy day of birth in case I don't make it! Very tired from therapy today n just taking my medicine!  misshu! Love ya!,Sad Intent
Taylor Swift and Joe Jonas looked really good together. I'm kinda sad they broke up.,Sad Intent
"There are two types of people in the world: those who choose to be happy, and those who choose to be unhappy. Contrary to popular belief, happiness doesn't come from fame, fortune, other people, or material possessions",Happy Intent
"My spouse gave me a kiss and big hug in the morning,when i go to office",Happy Intent
I went on a successful date with someone I felt sympathy and connection with.,Happy Intent
"@dannycastillo We want to trade with someone who has Houston tickets, but no one will.",Normal Intent
standing in supermarket line and thinking how does it feel to jump off a high story building ive read stories that during the fall it makes you feel alive due to sudden surge of adrenaline okay lets back to supermarket few more people to go then thinking will this ever stop feeling like total zombie i got out of store sit on public bus thinking how i am institutionalized and tied to hospital bed in psych wardslol okayi amback in the busokayi amdealing with this crap for 5 years i totally have no energy remaining i have job that requires working part time from home okay i do my job and fall asleep immediately last session my psych told me that there is no working medicine for me because we tried everything currently on low dose of ssri and benzo my real world productivity is literally 0 i go sometimes out for a drink with friends feeling like depersonalized shit begging from inside that they stop talking to me sometimes because i have no power to engage in conversation,Suicidal Intent
I found a poet that I really love a lot on twitter. ,Happy Intent
i am not sure if it s normal to consider suicide on a normal basis i m an engineer for a larger corporation and lately i ve been thinking what s the point at all ,Suicidal Intent
"I just had to empty my trash on the mac. that was one of THE MOST DIFFICULT things I have ever done in my life. 8,000 pictures are GONE.",Sad Intent
Have a headache  I'm going to bed. Goodnight!,Normal Intent
I could do 108 suryanamaskars in 40 mins for which I would otherwise take 60 mins!!,Happy Intent
stuck every time i try and kill myself i cant go through with it but i cant keep living feeling this way why cant i just let myself die,Suicidal Intent
"We know that sleep helps our bodies to recover from the day and repair themselves, and that it helps us focus and be more productive. It turns out, itas also important for our happiness.Our commute to the office can have a surprisingly powerful impact on our happiness.",Happy Intent
i am getting close and i am not sure what to do anymore i have been really struggeling for about 5 month now i broke up with someone who i loved very much i first turned to drinking and drugs to ease the pain but i got quite suicidal it got so bad i had to make some major changes in my life or i didnt think i was going to make it i have done absolutely everything i can to pick myself up therapy psychiatrist lexapro quit drinking quit smoking started working out started eating right started travelling focused on work and even started hobbies despite all this somet it feels like nothing is helping i can barely get out of bed most daysi amon the verge of tears every day it is difficult to do anthing its even hard to write this post i dont know what to do anymore i wake up everyday feeling like i am being tortured its been 5 months and it is driving me nuts feeling like i cant escape i could really use some words of wisdom right now,Suicidal Intent
@xoshayzers i knoww  things won't be the samee &lt;/3,Sad Intent
"I was running around after the kids and my husband grabbed me and told me I was beautiful, perfect, smart, special and that he loved me. ",Happy Intent
i am great and wonderful i am worth it except not enough to be anyones first choice everyone tells me how wonderful i am but not enough to be loved like i love others i put aside everything for people but i am too crazy to hold a job too nothing to be really loved i am not entitled and i dont even have the right to die on my own terms and i am an asshole for being angry about it for being upset that i am there when other people treat me like shit and cant be bothered wheni amhurt,Suicidal Intent
"I remember yesterday as being totally different from many of my Mondays. It felt like Spring finally, the sun was bright, the temperatures were warm.",Happy Intent
SoCal!  stoked. or maybe not.. tomorrow,Normal Intent
Driving Back home because I forgot the piece of cake for @v_era,Normal Intent
@lepetitagneau what's going on sweetheart?,Normal Intent
Too bad the Red Devils.. disappointing to say the least,Sad Intent
well fuck- this new pain med has an odd warning that actually applies to me. i can't take this. -chan is displeased.,Sad Intent
just got home! not wanting to read the last chaper of breaking dawn cause i dont want it to be over,Sad Intent
Allergies suck ducks nuts.     &lt;=====8@8=====&gt;,Sad Intent
so i have been in a suicide rehab center for the last month i am just over life it is not sadness or depression i just give up it would just be easier to be dead ,Suicidal Intent
i cant take this anymore might as well end this sorry as life,Suicidal Intent
@juiceegapeach A hungry fool. Ill probably never see that Krispy Kreme again. Had to enjoy it. They closing down,Normal Intent
my 13 year old daughter overdosed on about 6 grams of wellbutrin and 1500mg of zoloft i am trying so hard to make this right she was airlifted to children s hospital and now she s laying in her hospital bed unresponsive and her muscles are jerking this has been the scariest day of my life that child is my entire world she s all i have i have out my heart and soul into raising her i never want to lose this little girl but here i am she s about to be 14 she s a little on the eccentric side but she has a heart of gold she s never met a stranger but ever since 8th grade has started she has been getting bullied and the teachers don t really do anything about it this was her way of coping i went to wake her for school this morning and found her covered in vomit and she had been hallucinating and having seizures for hours probably what if i hadn t found her why does she feel like this is the only way i want to make all the bad go away how do i do this how do i help her cope i didn t know who to turn to,Suicidal Intent
No Topic Maps talks at the Balisage Markup Conference 2009   Program online at http://tr.im/mL6Z (via @bobdc) #topicmaps,Normal Intent
After a long time of waiting i finally got my tickets for my favourite movie released yesterday that too for a first day first show.It was really an awesome feeling still i could feel it all the way.I get goosebumps when i relive the moment in theatre.,Happy Intent
@RachelLock22 ohh thursday i have exams.. all day  what about wednesday ?,Sad Intent
do you ever feel empty and you had to pick a number from 15 depending how you feel about it i could write my funeral speech now but what is the point in afew years i would be forgotten anyway ,Suicidal Intent
i think its tonight because i dont care and i have nothing left i dont care i had something so great so promising and they stripped it down past the bone into splinters then pissed on the splinters i dont want happiness i dont want dreams i dont care that if i post a note everyone will desperately try to stop me i know they ll care when i am about to die or dead i am numb i am no longer scared and the hurt is too much i gotta go i have nothing left i had a lot of love to give but its gone with me i just wanted someone to hear me before the end ,Suicidal Intent
My son results is today its got very good he scored 99% in school its so happy to see the results,Happy Intent
We celebrated our anniversary with my boyfriend.,Happy Intent
back from school. Ms Suhana's last day as our FT  OCU was okay. I'm playing ALTNOY over and over again.,Normal Intent
Ok ... the passengers ... no one is alive ... they're all dead ... you just don't know it til the end ... then you cry ...,Sad Intent
@sillybabyjulie me too,Normal Intent
I got a promotion today after 2 years of service at my job.,Happy Intent
i am going to kill myself this weekend i dont see any reason to stay alive nothing has changed enough to make me want to stay i was raped as a kid and now all i am to people is a sex object good bye everyone ,Suicidal Intent
@taxidermi  I was watching Parental Control,Normal Intent
i want to die where can i go to commit suicide give me an injection as i am unconconscious and end my nightmare life i want to die,Suicidal Intent
when i received flowers from my best friend,Happy Intent
Ugh! I have to beat this stupid song to get to the next  rude!,Sad Intent
i can t do this anymore i have no hope i m a senior in college and i just want to die i don t fit in and i feel like no one cares about me everyday i wake up and i try to tell myself that today is a new day but it doesn t work i hate everything about myself and i feel so alone i have no one i don t care how i look and i don t even want to get up in the mornings i just want to end it all end all the suffering and the pain i just want to feel nothing for my anxiety and depression to leave me alone i don t know where to turn but i just can t keep doing this anymore ,Suicidal Intent
@tarng Trudy's off Burnet...the one up north that no one goes to,Normal Intent
my life has no purpose i am broke lonely and miserable i am so my life is a sack of shit my family legitimately hate me i am poor i have some friends but dont hear from them unless i get in touch first i have been single for almost a decade generally i am ok with being single but depression grinds my world to a halt doctors dont help me nobody around me seems to understand this has gone on for 30 years i am tired cant do it any more i just want to lay down and die quietly all i want in life is to disappear,Suicidal Intent
The offsite with colleagues was great fun. We had stimulating discussions.,Happy Intent
I bought a new TV,Happy Intent
i will probably kill myself before 2018 i have always been depressed as long as i can remember summers are better but school always makes it much worse i probably would have tried to kill myself last may if i had a car now i do last may was the worst its ever been i transferred to an early college program soi amtaking classes at the cc instead of my shitass high school ive only been in school for two weeks and its progressing way faster than normal idk why i want to die nothing traumatic has happened to me but i do i hate myself so much i will probably co myself if this doesnt get better soon,Suicidal Intent
@cayogial i wanted to come to BZ this summer :/ not so sure anymore... a teacher's life in the summer SUCKS,Sad Intent
"Not one sale done today at work. Explored balconies in the big theater w coworkers. A fun day, but void of chili fries and tips",Normal Intent
"My son woke me up to a fantastic breakfast of eggs, his special hamburger patty and pancakes. ",Happy Intent
@Mona26 Aw where are you headed to? i just cancelled my trip to Aussie,Sad Intent
It's pissing me off and not letting me follow ericka,Sad Intent
@yuki_hime I played up until the latter parts of the voodoo village part co-op until I lost my usual partner,Sad Intent
"@TheHarvardian I know. But like I said, I have no idea how long it takes for them to investigate this stuff.",Normal Intent
cant fall asleep,Normal Intent
I consumed a well garnished bowl of ramen twice today. It was so delicious.,Happy Intent
I picked my daughter up from the airport and we have a fun and good conversation on the way home.,Happy Intent
Darn these allergies! I don't like this time of year because of this! I never used to have this problem either,Sad Intent
I dont feel good AT ALL. fuckkk,Sad Intent
with my financial situation getting worse so does my mental health suicide is my plan z and i feel like i am about to reach plan z i think i should have just committed suicide at 15 years old when i thought about it a lot now i grew up and i made my life worse ,Suicidal Intent
ugh.. my dad just told me to read an article about Kavya Shivashankar the spellin bee girl..and be more like her.,Normal Intent
i shouldnt want to kill myself i have so many advantages in life all of my immediate family is alive and still involved in my life i have several friends who i frequently talk to i make more than enough money to live on easily but every night i go home and drink hoping i will forget about how much i just want it all to end every single moment that i am sober i spend thinking that people might actually see me for who i really am a lazy waste of space who lucked into success and wheni amdrunk i worry that people will find out thati am trying to slowly kill myself with alcohol fuck i always thought if i could just be successful i would be happy well i am not,Suicidal Intent
but now i have no money for a phone,Sad Intent
night night twitter world. [still cant believe the thomas thing  tomorrow's gunna be FUN/SAD],Normal Intent
at this point i dont even mind the pain i just want out of life,Suicidal Intent
I feel so deflated. No more doggy.,Sad Intent
There was hardly any traffic on my way to work this morning.,Happy Intent
i just want to sleep so much has gone wrong in these 20 years and its still getting worse i can not change most of what is going on around me but it will invariably affect me i dont want to give it the chance so if i go and sleep and dont wake up i wont have to deal with it,Suicidal Intent
codeine ativan sleep meds alcohol tell me why i shouldnt i am hopeless i m ready to give up,Suicidal Intent
@turnitgrey my computers broken and I broke my laptop so I had to use the phone  ahh still on he cause they fucked up my order.,Sad Intent
miss 16'th,Normal Intent
"@maternitytees Aww  Onward and upwards now, yay! Still sad to leave I bet.",Sad Intent
"Looking for desktop twitter app that will actually let you access URLs, any suggestions? I liked Twittle but no linking",Normal Intent
I lost 2 kgs of weight after a month long effort I had put to achieve it.,Happy Intent
i want everyone to feel my pain i am sick of everyone trying to hold me down and take advantage of mei amsick of always being second choicei amsick of being neglected feared and hated i want everyone to feel my wrath and my pain i am sick of hiding in the shadows and just taking it all i want everything they ever did to me to happen to them and 100 times over i hope they never get reliefi amsick of people and i am not afraid to admit it and it makes me sick to see so many happy people with perfect lives they dont deserve it if i cant be happy why should anyone else be,Suicidal Intent
i was able to hit a top spin serve in tennis,Happy Intent
my mums trying to make me feel ebtter about stopping voting adn not winning shortstack. i almost cried.,Sad Intent
i hate feelings at this point i think i am clinging onto life waiting for the right set of circumstances to just let go my feelings keep holding me back i hate them i hate having to feel i hate each and every one of them theres something comforting about the idea of nonexistence something comforting about the idea of nothing i long for it,Suicidal Intent
cheated on my gf drunk and now i wanna kill myself didnt know what i was doing was shitfaced drunk an d now i am all alone with no gf and my friends hate me for cheating i dont want to feel pain anymore ,Suicidal Intent
I HATE rob zombie movies. &amp; the smell of weed. Vommmm.,Sad Intent
i am so tired i just want to sleep but i m afraid of what i might dream of i guess its just my own fault i guess that all of my problems are my own fault ive heard thats supposed to make me feel better because it means i can work to get better and change things it only makes me feel worse because i know i wont people wont care if i die i ve asked some at least then i could rest i wouldnt be tired i wouldnt be,Suicidal Intent
My older daughter keeps patting my younger daughter's head.,Happy Intent
feels sick to my stomach and idkk whyy,Sad Intent
i cant stop fucking upi amselfish gutless disrespectful spiteful rude self righteous arrogant ignorantim forgetful unfelpful self centeredim stupid clutzy lazy depressed constantly exhausted i havent filled out any of my college applications because i didnt even plan on living this long i just want to die so i can stop disgracing my family and inconveniencing my mom i kind of want to be a ballistician they look at bullets from dead bodies to see what gun it came out of but honestly i am more likely to be the subject of one and i dont have any friends in or out of school why am i like this,Suicidal Intent
After taking some off at the gym(due to illness) I was able to wake up early and complete my normal squat workout at the same weight I had done prior to my break. ,Happy Intent
"My 3yrs son felt very bad for kicking me and said "" mom i'm very sorry for kicking you i wont repeat this"".I felt happy in this age he realizes his mistake.",Happy Intent
I finished painting my granddaughters bedroom,Happy Intent
@digenis that story reminds of living in Portugal,Normal Intent
@jwillock EpiCentre Wheelock Place - tourists only..,Normal Intent
Come on Knight... It's been well over 4 hours,Normal Intent
@creyes middle school and elem. High schools will remain open for those who need credits to graduate. Cali is broken,Normal Intent
Watching cupcake wars with my three teen children,Happy Intent
these thoughts about killing myself her getting louder,Suicidal Intent
@judyrey  The link doesn't work,Sad Intent
"where are all ma bestfriends at ? , MIA or wat ?",Normal Intent
i ended up in the hospital after suicide attempt and now my heart is messed up they wont let me leave until i am medically stable and then i have to go to psych hospital but i am not sure it will work,Suicidal Intent
"@JustinOdom dbl booooooo for being sick, flippin blows! ... bahaha i kno i dont have many friends on here either. i feel so lame  haha",Sad Intent
I want to buy this great album but unfortunately i dont hav enuff funds  its &quot;long time noisy&quot;,Sad Intent
i met my favorite superstar for the first time,Happy Intent
@MacZombieRawr  I wish I had Left 4 Dead. But first I'd need something to play it on...,Sad Intent
